id_Lider;FechaDatos;id_Estado;id_rol;id_Red;id_Tipored;id_Sulider;id_liderSu;id_LiderPral
1;28/02/2025;5;12;1;1;1;1;1
2;28/02/2025;5;13;2;2;2;2;2
3;28/02/2025;1;11;2;2;2;2;2
4;28/02/2025;1;11;2;2;2;2;2
5;28/02/2025;1;11;2;2;2;2;2
6;28/02/2025;1;11;2;2;2;2;2
7;28/02/2025;1;11;2;2;2;2;2
8;28/02/2025;1;6;2;2;2;2;2
9;28/02/2025;1;6;2;2;2;2;2
10;28/02/2025;1;6;2;2;2;2;2
11;28/02/2025;1;6;2;2;2;2;2
12;28/02/2025;1;6;2;2;2;2;2
13;28/02/2025;1;6;2;2;2;2;2
14;28/02/2025;1;6;2;2;2;2;2
15;28/02/2025;1;6;2;2;2;2;2
16;28/02/2025;1;6;2;2;2;2;2
17;28/02/2025;1;6;2;2;2;2;2
18;28/02/2025;1;6;2;2;2;2;2
19;28/02/2025;1;6;2;2;2;2;2
20;28/02/2025;1;6;2;2;2;2;2
21;28/02/2025;1;6;3;2;4;2;2
22;31/07/2025;1;6;3;2;4;2;2
22;28/02/2025;1;6;3;2;21;4;2
23;31/07/2025;1;3;3;2;22;4;2
23;28/02/2025;1;3;3;2;22;21;2
24;31/07/2025;1;3;3;2;22;4;2
24;28/02/2025;1;3;3;2;22;21;2
25;31/07/2025;1;3;3;2;22;4;2
25;28/02/2025;1;3;3;2;22;21;2
26;31/07/2025;1;3;3;2;22;4;2
26;28/02/2025;1;3;3;2;22;21;2
27;31/07/2025;1;3;3;2;22;4;2
27;28/02/2025;1;3;3;2;22;21;2
28;31/07/2025;1;6;3;2;4;2;2
28;28/02/2025;1;6;3;2;21;4;2
29;31/07/2025;1;3;3;2;28;4;2
29;28/02/2025;1;3;3;2;28;21;2
30;31/07/2025;1;3;3;2;28;4;2
30;28/02/2025;1;3;3;2;28;21;2
31;31/07/2025;1;3;3;2;21;4;2
31;28/02/2025;1;3;3;2;4;2;2
32;31/07/2025;1;3;3;2;21;4;2
32;28/02/2025;1;3;3;2;4;2;2
33;31/07/2025;1;3;3;2;21;4;2
33;28/02/2025;1;3;3;2;4;2;2
34;31/07/2025;1;3;3;2;21;4;2
34;28/02/2025;1;3;3;2;4;2;2
35;31/07/2025;1;3;3;2;21;4;2
35;28/02/2025;1;3;3;2;4;2;2
36;31/07/2025;1;3;3;2;21;4;2
36;28/02/2025;1;3;3;2;4;2;2
37;31/07/2025;1;3;3;2;21;4;2
37;28/02/2025;1;3;3;2;4;2;2
38;31/07/2025;1;3;3;2;21;4;2
38;28/02/2025;1;3;3;2;4;2;2
39;28/02/2025;1;6;3;2;4;2;2
40;28/02/2025;1;3;3;2;39;4;2
41;31/07/2025;1;6;3;2;4;2;2
41;28/02/2025;1;3;3;2;4;2;2
42;28/02/2025;1;3;3;2;41;4;2
43;28/02/2025;1;3;3;2;41;4;2
44;28/02/2025;1;3;3;2;41;4;2
45;28/02/2025;1;3;3;2;41;4;2
46;28/02/2025;1;3;3;2;41;4;2
47;28/02/2025;1;3;3;2;41;4;2
48;28/02/2025;1;3;3;2;41;4;2
49;31/07/2025;1;6;2;2;2;2;2
49;28/02/2025;1;3;3;2;4;2;2
50;31/07/2025;1;6;34;2;49;2;2
50;28/02/2025;1;6;3;2;49;4;2
51;31/07/2025;1;3;34;2;50;49;2
51;28/02/2025;1;3;3;2;50;49;2
52;31/07/2025;1;3;34;2;50;49;2
52;28/02/2025;1;3;3;2;50;49;2
53;31/07/2025;1;3;34;2;49;2;2
53;28/02/2025;1;3;3;2;49;4;2
54;31/07/2025;1;3;34;2;49;2;2
54;28/02/2025;1;3;3;2;49;4;2
55;31/07/2025;1;3;34;2;49;2;2
55;28/02/2025;1;3;3;2;49;4;2
56;31/07/2025;1;3;34;2;49;2;2
56;28/02/2025;1;3;3;2;49;4;2
57;31/07/2025;1;3;34;2;49;2;2
57;28/02/2025;1;3;3;2;49;4;2
58;31/07/2025;1;3;34;2;49;2;2
58;28/02/2025;1;3;3;2;49;4;2
59;31/07/2025;1;3;34;2;49;2;2
59;28/02/2025;1;3;3;2;49;4;2
60;31/07/2025;1;6;34;2;49;2;2
60;28/02/2025;1;3;3;2;49;4;2
61;31/07/2025;1;3;34;2;49;2;2
61;28/02/2025;1;3;3;2;49;4;2
62;31/07/2025;1;3;34;2;49;2;2
62;28/02/2025;1;3;3;2;49;4;2
63;31/07/2025;1;3;34;2;49;2;2
63;28/02/2025;1;3;3;2;49;4;2
64;31/07/2025;1;6;3;2;4;2;2
64;28/02/2025;1;3;3;2;4;2;2
65;28/02/2025;1;3;3;2;64;4;2
66;28/02/2025;1;3;3;2;64;4;2
67;28/02/2025;1;3;3;2;64;4;2
68;28/02/2025;1;3;3;2;64;4;2
69;28/02/2025;1;3;3;2;64;4;2
70;28/02/2025;1;3;3;2;64;4;2
71;31/07/2025;1;6;3;2;4;2;2
71;28/02/2025;1;3;3;2;4;2;2
72;28/02/2025;1;3;3;2;71;4;2
73;28/02/2025;1;3;3;2;71;4;2
74;28/02/2025;1;3;3;2;71;4;2
75;31/07/2025;1;6;3;2;4;2;2
75;28/02/2025;1;3;3;2;4;2;2
76;28/02/2025;1;3;3;2;75;4;2
77;28/02/2025;1;3;3;2;75;4;2
78;28/02/2025;1;3;3;2;75;4;2
79;31/07/2025;1;6;3;2;4;2;2
79;28/02/2025;1;3;3;2;4;2;2
80;28/02/2025;1;3;3;2;79;4;2
81;31/07/2025;1;6;3;2;4;2;2
81;28/02/2025;1;3;3;2;4;2;2
82;28/02/2025;1;3;3;2;81;4;2
83;31/07/2025;1;6;3;2;4;2;2
83;28/02/2025;1;3;3;2;4;2;2
84;28/02/2025;1;3;3;2;83;4;2
85;31/07/2025;1;6;3;2;4;2;2
85;28/02/2025;1;3;3;2;4;2;2
86;28/02/2025;1;3;3;2;85;4;2
87;28/02/2025;1;3;3;2;4;2;2
88;28/02/2025;1;3;3;2;4;2;2
89;28/02/2025;1;4;3;2;4;2;2
90;28/02/2025;1;6;4;2;5;2;2
91;28/02/2025;1;3;4;2;90;5;2
92;28/02/2025;1;3;4;2;90;5;2
93;28/02/2025;1;3;4;2;90;5;2
94;28/02/2025;1;3;4;2;90;5;2
95;28/02/2025;1;3;4;2;90;5;2
96;28/02/2025;1;3;4;2;90;5;2
97;28/02/2025;1;3;4;2;90;5;2
98;28/02/2025;1;3;4;2;90;5;2
99;28/02/2025;1;3;4;2;90;5;2
100;28/02/2025;1;3;4;2;90;5;2
101;28/02/2025;1;6;4;2;5;2;2
102;28/02/2025;1;3;4;2;101;5;2
103;28/02/2025;1;3;4;2;101;5;2
104;28/02/2025;1;3;4;2;101;5;2
105;28/02/2025;1;3;4;2;101;5;2
106;28/02/2025;1;3;4;2;101;5;2
107;28/02/2025;1;3;4;2;101;5;2
108;28/02/2025;1;3;4;2;101;5;2
109;28/02/2025;1;6;4;2;5;2;2
110;28/02/2025;1;3;4;2;109;5;2
111;28/02/2025;1;3;4;2;109;5;2
112;28/02/2025;1;6;4;2;5;2;2
113;28/02/2025;1;3;4;2;112;5;2
114;28/02/2025;1;3;4;2;112;5;2
115;31/07/2025;1;6;4;2;5;2;2
115;28/02/2025;1;8;4;2;5;2;2
116;28/02/2025;1;3;4;2;115;5;2
117;28/02/2025;1;6;4;2;5;2;2
118;28/02/2025;1;3;4;2;117;5;2
119;28/02/2025;1;3;4;2;117;5;2
120;28/02/2025;1;6;4;2;5;2;2
121;28/02/2025;1;3;4;2;120;5;2
122;28/02/2025;1;6;4;2;5;2;2
123;28/02/2025;1;3;4;2;122;5;2
124;28/02/2025;1;6;4;2;5;2;2
125;28/02/2025;1;3;4;2;124;5;2
126;28/02/2025;1;6;5;2;3;2;2
127;28/02/2025;1;3;5;2;126;3;2
128;28/02/2025;1;3;5;2;126;3;2
129;28/02/2025;1;3;5;2;126;3;2
130;28/02/2025;1;3;5;2;126;3;2
131;28/02/2025;1;3;5;2;126;3;2
132;31/07/2025;1;6;5;2;126;3;2
132;28/02/2025;1;3;5;2;126;3;2
133;28/02/2025;1;3;5;2;126;3;2
134;28/02/2025;1;3;5;2;126;3;2
135;28/02/2025;1;3;5;2;126;3;2
136;28/02/2025;1;3;5;2;126;3;2
137;28/02/2025;1;3;5;2;126;3;2
138;28/02/2025;1;6;5;2;3;2;2
139;28/02/2025;1;6;5;2;138;3;2
140;28/02/2025;1;3;5;2;139;138;2
141;28/02/2025;1;6;5;2;138;3;2
142;28/02/2025;1;3;5;2;141;138;2
143;28/02/2025;1;3;5;2;141;138;2
144;31/07/2025;1;6;5;2;138;3;2
144;28/02/2025;1;8;5;2;138;3;2
145;28/02/2025;1;3;5;2;144;138;2
146;28/02/2025;1;3;5;2;138;3;2
147;28/02/2025;1;3;5;2;138;3;2
148;28/02/2025;1;3;5;2;138;3;2
149;28/02/2025;1;3;5;2;138;3;2
150;31/07/2025;1;6;2;2;2;2;2
150;28/02/2025;1;6;5;2;3;2;2
151;31/07/2025;1;6;35;2;150;2;2
151;28/02/2025;1;6;5;2;150;3;2
152;31/07/2025;1;3;35;2;151;150;2
152;28/02/2025;1;3;5;2;151;150;2
153;31/07/2025;1;6;35;2;150;2;2
153;28/02/2025;1;6;5;2;150;3;2
154;31/07/2025;1;3;35;2;153;150;2
154;28/02/2025;1;3;5;2;153;150;2
155;31/07/2025;1;3;35;2;150;2;2
155;28/02/2025;1;3;5;2;150;3;2
156;31/07/2025;1;3;35;2;150;2;2
156;28/02/2025;1;3;5;2;150;3;2
157;31/07/2025;1;3;35;2;150;2;2
157;28/02/2025;1;3;5;2;150;3;2
158;31/07/2025;1;3;35;2;150;2;2
158;28/02/2025;1;3;5;2;150;3;2
159;31/07/2025;1;3;35;2;150;2;2
159;28/02/2025;1;3;5;2;150;3;2
160;28/02/2025;1;6;5;2;3;2;2
161;28/02/2025;1;6;5;2;160;3;2
162;28/02/2025;1;3;5;2;161;160;2
163;31/07/2025;1;6;5;2;160;3;2
163;28/02/2025;1;3;5;2;160;3;2
164;28/02/2025;1;3;5;2;160;3;2
165;28/02/2025;1;3;5;2;160;3;2
166;28/02/2025;1;3;5;2;160;3;2
167;28/02/2025;1;3;5;2;160;3;2
168;28/02/2025;1;3;5;2;160;3;2
169;28/02/2025;1;6;5;2;3;2;2
170;28/02/2025;1;3;5;2;169;3;2
171;28/02/2025;1;3;5;2;169;3;2
172;28/02/2025;1;3;5;2;169;3;2
173;28/02/2025;1;3;5;2;169;3;2
174;28/02/2025;1;6;5;2;3;2;2
175;28/02/2025;1;3;5;2;174;3;2
176;28/02/2025;1;3;5;2;174;3;2
177;28/02/2025;1;3;5;2;174;3;2
178;31/07/2025;1;3;5;2;174;3;2
178;28/02/2025;1;4;5;2;174;3;2
179;28/02/2025;1;6;5;2;3;2;2
180;28/02/2025;1;3;5;2;179;3;2
181;28/02/2025;1;6;5;2;3;2;2
182;28/02/2025;1;3;5;2;181;3;2
183;28/02/2025;1;3;5;2;181;3;2
184;28/02/2025;1;3;5;2;3;2;2
185;28/02/2025;1;3;5;2;3;2;2
186;28/02/2025;1;3;5;2;3;2;2
187;28/02/2025;1;6;5;2;3;2;2
188;28/02/2025;1;3;5;2;187;3;2
189;28/02/2025;1;3;5;2;3;2;2
190;28/02/2025;1;3;5;2;3;2;2
191;28/02/2025;1;3;5;2;3;2;2
192;28/02/2025;1;4;5;2;3;2;2
193;31/07/2025;1;6;6;2;19;2;2
193;28/02/2025;1;3;6;2;19;2;2
194;28/02/2025;1;3;6;2;193;19;2
195;28/02/2025;1;3;6;2;193;19;2
196;28/02/2025;1;3;6;2;193;19;2
197;28/02/2025;1;3;6;2;193;19;2
198;28/02/2025;1;3;6;2;193;19;2
199;28/02/2025;1;3;6;2;193;19;2
200;31/07/2025;1;6;6;2;19;2;2
200;28/02/2025;1;3;6;2;19;2;2
201;28/02/2025;1;3;6;2;200;19;2
202;28/02/2025;1;3;6;2;200;19;2
203;28/02/2025;1;3;6;2;200;19;2
204;28/02/2025;1;3;6;2;200;19;2
205;28/02/2025;1;3;6;2;200;19;2
206;31/07/2025;1;6;6;2;19;2;2
206;28/02/2025;1;3;6;2;19;2;2
207;28/02/2025;1;3;6;2;206;19;2
208;28/02/2025;1;3;6;2;206;19;2
209;28/02/2025;1;3;6;2;206;19;2
210;28/02/2025;1;3;6;2;19;2;2
211;28/02/2025;1;3;6;2;19;2;2
212;28/02/2025;1;3;6;2;19;2;2
213;31/07/2025;1;3;6;2;19;2;2
213;28/02/2025;1;3;6;2;19;2;2
214;28/02/2025;1;3;6;2;19;2;2
215;28/02/2025;1;3;6;2;19;2;2
216;28/02/2025;1;3;6;2;19;2;2
217;31/07/2025;1;6;6;2;19;2;2
217;28/02/2025;1;3;6;2;19;2;2
218;31/07/2025;1;6;7;2;16;2;2
218;28/02/2025;1;3;7;2;16;2;2
219;28/02/2025;1;3;7;2;218;16;2
220;28/02/2025;1;3;7;2;218;16;2
221;28/02/2025;1;3;7;2;218;16;2
222;31/07/2025;1;6;7;2;218;16;2
222;28/02/2025;1;3;7;2;218;16;2
223;28/02/2025;1;3;7;2;222;218;2
224;28/02/2025;1;3;7;2;218;16;2
225;28/02/2025;1;3;7;2;218;16;2
226;31/07/2025;1;6;7;2;218;16;2
226;28/02/2025;1;3;7;2;218;16;2
227;28/02/2025;1;3;7;2;226;218;2
228;28/02/2025;1;3;7;2;226;218;2
229;28/02/2025;1;3;7;2;218;16;2
230;28/02/2025;1;3;7;2;218;16;2
231;31/07/2025;1;6;7;2;16;2;2
231;28/02/2025;1;3;7;2;16;2;2
232;31/07/2025;1;6;7;2;231;16;2
232;28/02/2025;1;3;7;2;231;16;2
233;28/02/2025;1;3;7;2;232;231;2
234;28/02/2025;1;3;7;2;231;16;2
235;28/02/2025;1;3;7;2;231;16;2
236;28/02/2025;1;3;7;2;231;16;2
237;28/02/2025;1;3;7;2;231;16;2
238;28/02/2025;1;3;7;2;231;16;2
239;28/02/2025;1;3;7;2;231;16;2
240;31/07/2025;1;6;7;2;16;2;2
240;28/02/2025;1;3;7;2;16;2;2
241;31/07/2025;1;6;7;2;240;16;2
241;28/02/2025;1;3;7;2;240;16;2
242;28/02/2025;1;3;7;2;241;240;2
243;28/02/2025;1;3;7;2;241;240;2
244;28/02/2025;1;3;7;2;240;16;2
245;28/02/2025;1;3;7;2;240;16;2
246;28/02/2025;1;3;7;2;240;16;2
247;28/02/2025;1;3;7;2;240;16;2
248;31/07/2025;1;6;7;2;16;2;2
248;28/02/2025;1;3;7;2;16;2;2
249;28/02/2025;1;3;7;2;248;16;2
250;28/02/2025;1;3;7;2;248;16;2
251;31/07/2025;1;6;7;2;16;2;2
251;28/02/2025;1;3;7;2;16;2;2
252;28/02/2025;1;3;7;2;251;16;2
253;28/02/2025;1;3;7;2;251;16;2
254;31/07/2025;1;6;7;2;16;2;2
254;28/02/2025;1;3;7;2;16;2;2
255;31/07/2025;2;;;;;;
255;28/02/2025;1;3;7;2;254;16;2
256;28/02/2025;1;3;7;2;254;16;2
257;31/07/2025;1;6;7;2;16;2;2
257;28/02/2025;1;3;7;2;16;2;2
258;28/02/2025;1;3;7;2;257;16;2
259;28/02/2025;1;3;7;2;257;16;2
260;31/07/2025;1;6;7;2;16;2;2
260;28/02/2025;1;3;7;2;16;2;2
261;28/02/2025;1;3;7;2;260;16;2
262;28/02/2025;1;3;7;2;260;16;2
263;28/02/2025;1;3;7;2;16;2;2
264;28/02/2025;1;4;7;2;16;2;2
265;31/07/2025;1;6;8;2;9;2;2
265;28/02/2025;1;3;8;2;9;2;2
266;28/02/2025;1;3;8;2;265;9;2
267;28/02/2025;1;3;8;2;265;9;2
268;31/07/2025;1;6;8;2;9;2;2
268;28/02/2025;1;3;8;2;9;2;2
269;28/02/2025;1;3;8;2;268;9;2
270;28/02/2025;1;3;8;2;268;9;2
271;31/07/2025;1;6;8;2;9;2;2
271;28/02/2025;1;3;8;2;9;2;2
272;28/02/2025;1;3;8;2;271;9;2
273;28/02/2025;1;3;8;2;9;2;2
274;28/02/2025;1;3;8;2;9;2;2
275;28/02/2025;1;3;8;2;9;2;2
276;31/07/2025;1;6;8;2;9;2;2
276;28/02/2025;1;3;8;2;9;2;2
277;28/02/2025;1;3;8;2;9;2;2
278;28/02/2025;1;3;8;2;9;2;2
279;28/02/2025;1;3;8;2;9;2;2
280;28/02/2025;1;3;8;2;9;2;2
281;31/07/2025;1;6;9;2;17;2;2
281;28/02/2025;1;3;9;2;17;2;2
282;28/02/2025;1;3;9;2;281;17;2
283;28/02/2025;1;3;9;2;281;17;2
284;28/02/2025;1;3;9;2;17;2;2
285;31/07/2025;1;6;9;2;17;2;2
285;28/02/2025;1;3;9;2;17;2;2
286;28/02/2025;1;3;9;2;285;17;2
287;28/02/2025;1;3;9;2;17;2;2
288;31/07/2025;1;6;9;2;17;2;2
288;28/02/2025;1;3;9;2;17;2;2
289;28/02/2025;1;3;9;2;288;17;2
290;28/02/2025;1;3;9;2;17;2;2
291;28/02/2025;1;3;9;2;17;2;2
292;28/02/2025;1;3;9;2;17;2;2
293;28/02/2025;1;3;9;2;17;2;2
294;28/02/2025;1;3;9;2;17;2;2
295;28/02/2025;1;3;9;2;17;2;2
296;28/02/2025;1;3;9;2;17;2;2
297;31/07/2025;1;6;36;8;17;2;2
297;28/02/2025;1;3;9;2;17;2;2
298;31/07/2025;1;3;36;8;297;17;2
298;28/02/2025;1;3;9;2;297;17;2
299;31/07/2025;1;3;36;8;297;17;2
299;28/02/2025;1;3;9;2;297;17;2
300;31/07/2025;1;3;36;8;297;17;2
300;28/02/2025;1;3;9;2;297;17;2
301;28/02/2025;1;4;9;2;17;2;2
302;28/02/2025;1;4;9;2;17;2;2
303;28/02/2025;1;4;9;2;17;2;2
304;31/07/2025;1;6;10;2;13;2;2
304;28/02/2025;1;3;10;2;13;2;2
305;28/02/2025;1;3;10;2;304;13;2
306;28/02/2025;1;3;10;2;13;2;2
307;28/02/2025;1;3;10;2;13;2;2
308;28/02/2025;1;3;10;2;13;2;2
309;28/02/2025;1;3;10;2;13;2;2
310;28/02/2025;1;3;10;2;13;2;2
311;28/02/2025;1;3;10;2;13;2;2
312;28/02/2025;1;3;10;2;13;2;2
313;31/07/2025;1;6;10;2;13;2;2
313;28/02/2025;1;3;10;2;13;2;2
314;28/02/2025;1;3;10;2;313;13;2
315;28/02/2025;1;3;10;2;13;2;2
316;28/02/2025;1;3;10;2;13;2;2
317;28/02/2025;1;3;10;2;13;2;2
318;28/02/2025;1;3;10;2;13;2;2
319;31/07/2025;1;6;11;2;15;2;2
319;28/02/2025;1;3;11;2;15;2;2
320;28/02/2025;1;3;11;2;319;15;2
321;28/02/2025;1;3;11;2;319;15;2
322;28/02/2025;1;3;11;2;319;15;2
323;31/07/2025;1;6;11;2;15;2;2
323;28/02/2025;1;3;11;2;15;2;2
324;31/07/2025;1;3;11;2;15;2;2
324;28/02/2025;1;3;11;2;323;15;2
325;28/02/2025;1;3;11;2;15;2;2
326;28/02/2025;1;3;11;2;15;2;2
327;28/02/2025;1;3;11;2;15;2;2
328;28/02/2025;1;3;11;2;15;2;2
329;28/02/2025;1;3;11;2;15;2;2
330;28/02/2025;1;3;11;2;15;2;2
331;28/02/2025;1;3;11;2;15;2;2
332;28/02/2025;1;3;11;2;15;2;2
333;28/02/2025;1;3;11;2;15;2;2
334;28/02/2025;1;3;12;2;8;2;2
335;28/02/2025;1;3;12;2;8;2;2
336;28/02/2025;1;3;12;2;8;2;2
337;28/02/2025;1;3;14;2;18;2;2
338;28/02/2025;1;3;14;2;18;2;2
339;28/02/2025;1;3;14;2;18;2;2
340;28/02/2025;1;3;14;2;18;2;2
341;28/02/2025;1;3;14;2;18;2;2
342;28/02/2025;1;3;14;2;18;2;2
343;28/02/2025;1;3;14;2;18;2;2
344;28/02/2025;1;3;14;2;18;2;2
345;28/02/2025;1;3;14;2;18;2;2
346;28/02/2025;1;3;14;2;18;2;2
347;28/02/2025;1;3;14;2;18;2;2
348;31/07/2025;1;6;15;2;20;2;2
348;28/02/2025;1;3;15;2;20;2;2
349;28/02/2025;1;3;15;2;348;20;2
350;31/07/2025;1;6;15;2;20;2;2
350;28/02/2025;1;3;15;2;20;2;2
351;28/02/2025;1;3;15;2;350;20;2
352;28/02/2025;1;3;15;2;20;2;2
353;28/02/2025;1;3;15;2;20;2;2
354;28/02/2025;1;3;15;2;20;2;2
355;31/07/2025;1;6;15;2;20;2;2
355;28/02/2025;1;3;15;2;20;2;2
356;28/02/2025;1;3;15;2;355;20;2
357;28/02/2025;1;3;15;2;355;20;2
358;31/07/2025;1;6;15;2;20;2;2
358;28/02/2025;1;3;15;2;20;2;2
359;31/07/2025;1;6;15;2;20;2;2
359;28/02/2025;1;3;15;2;20;2;2
360;28/02/2025;1;3;15;2;359;20;2
361;28/02/2025;1;3;15;2;359;20;2
362;28/02/2025;1;3;15;2;20;2;2
363;28/02/2025;1;3;15;2;20;2;2
364;31/07/2025;1;6;16;5;7;2;2
364;28/02/2025;1;3;16;5;7;2;2
365;28/02/2025;1;3;16;5;364;7;2
366;28/02/2025;1;3;16;5;364;7;2
367;28/02/2025;1;3;16;5;364;7;2
368;28/02/2025;1;3;16;5;364;7;2
369;28/02/2025;1;3;16;5;364;7;2
370;28/02/2025;1;3;16;5;364;7;2
371;28/02/2025;1;3;16;5;364;7;2
372;28/02/2025;1;3;16;5;364;7;2
373;28/02/2025;1;3;16;5;364;7;2
374;31/07/2025;1;6;16;5;7;2;2
374;28/02/2025;1;3;16;5;7;2;2
375;28/02/2025;1;3;16;5;374;7;2
376;28/02/2025;1;3;16;5;374;7;2
377;28/02/2025;1;3;16;5;374;7;2
378;28/02/2025;1;3;16;5;374;7;2
379;28/02/2025;1;3;16;5;374;7;2
380;28/02/2025;1;3;16;5;374;7;2
381;28/02/2025;1;3;16;5;374;7;2
382;28/02/2025;1;3;16;5;374;7;2
383;28/02/2025;1;3;16;5;374;7;2
384;28/02/2025;1;3;16;5;374;7;2
385;28/02/2025;1;3;16;5;374;7;2
386;31/07/2025;1;6;16;5;7;2;2
386;28/02/2025;1;3;16;5;7;2;2
387;28/02/2025;1;3;16;5;386;7;2
388;28/02/2025;1;3;16;5;386;7;2
389;28/02/2025;1;3;16;5;386;7;2
390;31/07/2025;1;6;16;5;7;2;2
390;28/02/2025;1;3;16;5;7;2;2
391;28/02/2025;1;3;16;5;390;7;2
392;28/02/2025;1;3;16;5;390;7;2
393;28/02/2025;1;3;16;5;390;7;2
394;28/02/2025;1;3;16;5;390;7;2
395;31/07/2025;2;;;;;;
395;28/02/2025;1;3;16;5;390;7;2
396;28/02/2025;1;3;16;5;390;7;2
397;28/02/2025;1;3;16;5;390;7;2
398;31/07/2025;1;6;16;5;7;2;2
398;28/02/2025;1;3;16;5;7;2;2
399;28/02/2025;1;3;16;5;398;7;2
400;28/02/2025;1;3;16;5;398;7;2
401;31/07/2025;1;6;16;5;7;2;2
401;28/02/2025;1;3;16;5;7;2;2
402;28/02/2025;1;3;16;5;401;7;2
403;28/02/2025;1;3;16;5;401;7;2
404;31/07/2025;1;6;16;5;7;2;2
404;28/02/2025;1;3;16;5;7;2;2
405;28/02/2025;1;3;16;5;404;7;2
406;28/02/2025;1;3;16;5;7;2;2
407;28/02/2025;1;3;16;5;7;2;2
408;28/02/2025;1;3;16;5;7;2;2
409;31/07/2025;1;6;17;4;6;2;2
409;28/02/2025;1;3;17;4;6;2;2
410;28/02/2025;1;3;17;4;409;6;2
411;31/07/2025;1;6;17;4;6;2;2
411;28/02/2025;1;3;17;4;6;2;2
412;28/02/2025;1;3;17;4;411;6;2
413;28/02/2025;1;3;17;4;411;6;2
414;28/02/2025;1;3;17;4;6;2;2
415;28/02/2025;1;3;17;4;6;2;2
416;31/07/2025;1;6;17;4;6;2;2
416;28/02/2025;1;3;17;4;6;2;2
417;28/02/2025;1;3;17;4;416;6;2
418;28/02/2025;1;3;17;4;416;6;2
419;28/02/2025;1;3;17;4;6;2;2
420;31/07/2025;1;6;17;4;6;2;2
420;28/02/2025;1;3;17;4;6;2;2
421;28/02/2025;1;3;17;4;420;6;2
422;28/02/2025;1;3;17;4;420;6;2
423;28/02/2025;1;3;17;4;6;2;2
424;31/07/2025;1;6;18;7;12;2;2
424;28/02/2025;1;3;18;7;12;2;2
425;28/02/2025;1;3;18;7;424;12;2
426;28/02/2025;1;3;18;7;424;12;2
427;28/02/2025;1;3;18;7;424;12;2
428;28/02/2025;1;3;18;7;424;12;2
429;28/02/2025;1;3;18;7;424;12;2
430;31/07/2025;1;6;18;7;12;2;2
430;28/02/2025;1;3;18;7;12;2;2
431;28/02/2025;1;3;18;7;430;12;2
432;28/02/2025;1;3;18;7;430;12;2
433;28/02/2025;1;3;18;7;430;12;2
434;28/02/2025;1;3;18;7;430;12;2
435;28/02/2025;1;3;18;7;430;12;2
436;28/02/2025;1;3;18;7;430;12;2
437;28/02/2025;1;3;18;7;12;2;2
438;28/02/2025;1;3;18;7;12;2;2
439;31/07/2025;1;6;18;7;12;2;2
439;28/02/2025;1;3;18;7;12;2;2
440;28/02/2025;1;3;18;7;439;12;2
441;31/07/2025;1;6;18;7;12;2;2
441;28/02/2025;1;3;18;7;12;2;2
442;28/02/2025;1;3;18;7;441;12;2
443;31/07/2025;1;6;18;7;12;2;2
443;28/02/2025;1;3;18;7;12;2;2
444;28/02/2025;1;3;18;7;12;2;2
445;28/02/2025;1;3;18;7;12;2;2
446;28/02/2025;1;3;18;7;12;2;2
447;28/02/2025;1;3;18;7;12;2;2
448;31/07/2025;1;6;19;6;11;2;2
448;28/02/2025;1;3;19;6;11;2;2
449;28/02/2025;1;3;19;6;448;11;2
450;28/02/2025;1;3;19;6;448;11;2
451;28/02/2025;1;3;19;6;448;11;2
452;28/02/2025;1;3;19;6;448;11;2
453;28/02/2025;1;3;19;6;448;11;2
454;28/02/2025;1;3;19;6;448;11;2
455;28/02/2025;1;3;19;6;448;11;2
456;28/02/2025;1;3;19;6;448;11;2
457;28/02/2025;1;3;19;6;448;11;2
458;31/07/2025;1;6;19;6;11;2;2
458;28/02/2025;1;3;19;6;11;2;2
459;28/02/2025;1;3;19;6;458;11;2
460;28/02/2025;1;3;19;6;458;11;2
461;28/02/2025;1;3;19;6;458;11;2
462;31/07/2025;1;6;19;6;11;2;2
462;28/02/2025;1;3;19;6;11;2;2
463;28/02/2025;1;3;19;6;11;2;2
464;28/02/2025;1;3;19;6;11;2;2
465;28/02/2025;1;3;19;6;11;2;2
466;31/07/2025;1;6;19;6;11;2;2
466;28/02/2025;1;3;19;6;11;2;2
467;28/02/2025;1;3;19;6;466;11;2
468;28/02/2025;1;3;19;6;466;11;2
469;28/02/2025;1;3;19;6;11;2;2
470;28/02/2025;1;3;19;6;11;2;2
471;28/02/2025;1;3;19;6;11;2;2
472;31/07/2025;1;6;19;6;11;2;2
472;28/02/2025;1;3;19;6;11;2;2
473;28/02/2025;1;3;19;6;472;11;2
474;28/02/2025;1;3;19;6;11;2;2
475;28/02/2025;1;3;19;6;11;2;2
476;28/02/2025;1;3;20;2;14;2;2
477;28/02/2025;1;3;20;2;14;2;2
478;28/02/2025;1;3;20;2;14;2;2
479;28/02/2025;1;3;20;2;14;2;2
480;28/02/2025;1;3;20;2;14;2;2
481;28/02/2025;1;3;20;2;14;2;2
482;28/02/2025;1;3;20;2;14;2;2
483;28/02/2025;1;3;20;2;14;2;2
484;28/02/2025;1;3;20;2;14;2;2
485;28/02/2025;1;3;20;2;14;2;2
486;31/07/2025;1;3;19;6;448;11;2
486;28/02/2025;1;3;20;2;14;2;2
487;28/02/2025;1;3;20;2;14;2;2
488;28/02/2025;1;3;20;2;14;2;2
489;28/02/2025;1;3;20;2;14;2;2
490;28/02/2025;1;3;20;2;14;2;2
491;28/02/2025;1;3;20;2;14;2;2
492;28/02/2025;1;3;20;2;14;2;2
493;28/02/2025;1;3;20;2;14;2;2
494;28/02/2025;1;3;20;2;14;2;2
495;28/02/2025;1;10;1;1;1;1;1
496;28/02/2025;1;5;1;1;1;1;1
497;28/02/2025;1;5;1;1;1;1;1
498;28/02/2025;1;5;1;1;1;1;1
499;28/02/2025;1;5;1;1;1;1;1
500;28/02/2025;1;5;1;1;1;1;1
501;28/02/2025;1;5;1;1;1;1;1
502;28/02/2025;1;5;1;1;1;1;1
503;28/02/2025;1;5;1;1;1;1;1
504;28/02/2025;1;5;1;1;1;1;1
505;28/02/2025;1;5;21;1;495;1;1
506;28/02/2025;1;3;21;1;505;495;1
507;28/02/2025;1;3;21;1;505;495;1
508;28/02/2025;1;3;21;1;505;495;1
509;28/02/2025;1;5;21;1;495;1;1
510;28/02/2025;1;3;21;1;509;495;1
511;28/02/2025;1;3;21;1;509;495;1
512;28/02/2025;1;3;21;1;509;495;1
513;28/02/2025;1;5;21;1;495;1;1
514;28/02/2025;1;3;21;1;513;495;1
515;28/02/2025;1;3;21;1;495;1;1
516;28/02/2025;1;3;21;1;495;1;1
517;28/02/2025;1;3;21;1;495;1;1
518;28/02/2025;1;3;21;1;495;1;1
519;28/02/2025;1;3;21;1;495;1;1
520;28/02/2025;1;5;21;1;495;1;1
521;28/02/2025;1;3;21;1;520;495;1
522;28/02/2025;1;3;21;1;520;495;1
523;28/02/2025;1;3;21;1;520;495;1
524;28/02/2025;1;3;21;1;520;495;1
525;28/02/2025;1;3;21;1;520;495;1
526;28/02/2025;1;3;21;1;520;495;1
527;28/02/2025;1;3;21;1;495;1;1
528;28/02/2025;1;5;21;1;495;1;1
529;28/02/2025;1;3;21;1;528;495;1
530;28/02/2025;1;3;21;1;528;495;1
531;28/02/2025;1;3;21;1;528;495;1
532;28/02/2025;1;5;21;1;495;1;1
533;28/02/2025;1;3;21;1;532;495;1
534;31/07/2025;1;5;21;1;495;1;1
534;28/02/2025;1;3;21;1;495;1;1
535;28/02/2025;1;4;21;1;495;1;1
536;28/02/2025;1;5;22;1;500;1;1
537;28/02/2025;1;3;22;1;536;500;1
538;28/02/2025;1;3;22;1;536;500;1
539;28/02/2025;1;5;22;1;500;1;1
540;28/02/2025;1;3;22;1;539;500;1
541;28/02/2025;1;3;22;1;500;1;1
542;28/02/2025;1;3;22;1;500;1;1
543;28/02/2025;1;3;22;1;500;1;1
544;28/02/2025;1;3;22;1;500;1;1
545;28/02/2025;1;3;22;1;500;1;1
546;28/02/2025;1;5;22;1;500;1;1
547;28/02/2025;1;3;22;1;546;500;1
548;28/02/2025;1;3;22;1;500;1;1
549;28/02/2025;1;5;22;1;500;1;1
550;28/02/2025;1;3;22;1;549;500;1
551;28/02/2025;1;3;22;1;500;1;1
552;28/02/2025;1;5;23;1;496;1;1
553;28/02/2025;1;3;23;1;552;496;1
554;28/02/2025;1;3;23;1;496;1;1
555;31/07/2025;2;;;;;;
555;28/02/2025;1;3;23;1;496;1;1
556;28/02/2025;1;5;23;1;496;1;1
557;28/02/2025;1;3;23;1;556;496;1
558;28/02/2025;1;3;23;1;496;1;1
559;28/02/2025;1;3;23;1;496;1;1
560;28/02/2025;1;5;23;1;496;1;1
561;28/02/2025;1;3;23;1;560;496;1
562;28/02/2025;1;3;23;1;560;496;1
563;28/02/2025;1;3;23;1;560;496;1
564;28/02/2025;1;3;23;1;496;1;1
565;28/02/2025;1;3;23;1;496;1;1
566;28/02/2025;1;3;23;1;496;1;1
567;28/02/2025;1;5;23;1;496;1;1
568;28/02/2025;1;3;23;1;567;496;1
569;28/02/2025;1;3;24;1;498;1;1
570;28/02/2025;1;3;24;1;498;1;1
571;28/02/2025;1;3;24;1;498;1;1
572;28/02/2025;1;3;24;1;498;1;1
573;28/02/2025;1;3;24;1;498;1;1
574;28/02/2025;1;3;24;1;498;1;1
575;28/02/2025;1;3;24;1;498;1;1
576;28/02/2025;1;3;24;1;498;1;1
577;28/02/2025;1;3;24;1;498;1;1
578;28/02/2025;1;3;24;1;498;1;1
579;28/02/2025;1;5;25;1;497;1;1
580;28/02/2025;1;3;25;1;579;497;1
581;28/02/2025;1;5;25;1;497;1;1
582;28/02/2025;1;3;25;1;581;497;1
583;28/02/2025;1;3;25;1;497;1;1
584;28/02/2025;1;3;25;1;497;1;1
585;28/02/2025;1;3;25;1;497;1;1
586;28/02/2025;1;3;25;1;497;1;1
587;28/02/2025;1;3;25;1;497;1;1
588;28/02/2025;1;3;25;1;497;1;1
589;28/02/2025;1;3;25;1;497;1;1
590;28/02/2025;1;3;25;1;497;1;1
591;28/02/2025;1;3;25;1;497;1;1
592;28/02/2025;1;3;27;1;501;1;1
593;28/02/2025;1;3;27;1;501;1;1
594;28/02/2025;1;3;27;1;501;1;1
595;28/02/2025;1;3;27;1;501;1;1
596;28/02/2025;1;3;27;1;501;1;1
597;28/02/2025;1;3;27;1;501;1;1
598;28/02/2025;1;3;27;1;501;1;1
599;28/02/2025;1;3;28;1;502;1;1
600;28/02/2025;1;3;28;1;502;1;1
601;28/02/2025;1;3;28;1;502;1;1
602;28/02/2025;1;3;28;1;502;1;1
603;28/02/2025;1;3;28;1;502;1;1
604;28/02/2025;1;3;28;1;502;1;1
605;28/02/2025;1;3;28;1;502;1;1
606;28/02/2025;1;3;28;1;502;1;1
607;28/02/2025;1;3;28;1;502;1;1
608;28/02/2025;1;3;29;1;504;1;1
609;28/02/2025;1;3;29;1;504;1;1
610;28/02/2025;1;3;29;1;504;1;1
611;28/02/2025;1;3;29;1;504;1;1
612;28/02/2025;1;3;29;1;504;1;1
613;28/02/2025;1;3;29;1;504;1;1
614;28/02/2025;1;3;30;1;503;1;1
615;28/02/2025;1;3;30;1;503;1;1
616;28/02/2025;1;3;30;1;503;1;1
617;28/02/2025;1;3;30;1;503;1;1
618;28/02/2025;1;3;30;1;503;1;1
619;28/02/2025;1;3;30;1;503;1;1
620;28/02/2025;1;3;30;1;503;1;1
621;28/02/2025;1;3;30;1;503;1;1
622;28/02/2025;1;5;31;5;1;1;1
623;28/02/2025;1;3;31;5;622;1;1
624;28/02/2025;1;3;31;5;622;1;1
625;31/07/2025;2;;;;;;
625;28/02/2025;1;3;31;5;1;1;1
626;28/02/2025;1;3;31;5;1;1;1
627;28/02/2025;1;5;31;5;1;1;1
628;28/02/2025;1;3;31;5;627;1;1
629;28/02/2025;1;3;31;5;627;1;1
630;28/02/2025;1;5;31;5;1;1;1
631;28/02/2025;1;3;31;5;630;1;1
632;28/02/2025;1;3;31;5;630;1;1
633;28/02/2025;1;3;31;5;1;1;1
634;28/02/2025;1;3;31;5;1;1;1
635;28/02/2025;1;5;32;4;1;1;1
636;28/02/2025;1;3;32;4;635;1;1
637;28/02/2025;1;3;32;4;635;1;1
638;28/02/2025;1;3;32;4;635;1;1
639;28/02/2025;1;5;32;4;1;1;1
640;28/02/2025;1;3;32;4;639;1;1
641;28/02/2025;1;3;32;4;1;1;1
642;28/02/2025;1;3;32;4;1;1;1
643;28/02/2025;1;5;32;4;1;1;1
644;28/02/2025;1;3;32;4;643;1;1
645;28/02/2025;1;3;32;4;643;1;1
646;28/02/2025;1;3;32;4;643;1;1
647;28/02/2025;1;3;32;4;1;1;1
648;28/02/2025;1;3;32;4;1;1;1
649;28/02/2025;1;3;32;4;1;1;1
650;28/02/2025;1;9;33;3;1;1;1
651;28/02/2025;1;9;33;3;1;1;1
652;28/02/2025;1;9;33;3;1;1;1
653;28/02/2025;1;9;33;3;1;1;1
654;31/07/2025;1;3;3;2;39;4;2
655;31/07/2025;1;3;3;2;64;4;2
656;31/07/2025;1;3;3;2;64;4;2
657;31/07/2025;1;3;3;2;22;4;2
658;31/07/2025;1;3;3;2;79;4;2
659;31/07/2025;1;3;4;2;90;5;2
660;31/07/2025;1;3;4;2;90;5;2
661;31/07/2025;1;3;4;2;101;5;2
662;31/07/2025;1;3;4;2;109;5;2
663;31/07/2025;1;3;4;2;117;5;2
664;31/07/2025;1;3;5;2;132;126;2
665;31/07/2025;1;3;5;2;138;3;2
666;31/07/2025;1;3;5;2;163;160;2
667;31/07/2025;1;3;6;2;217;19;2
668;31/07/2025;1;3;8;2;276;9;2
669;31/07/2025;1;3;9;2;17;2;2
670;31/07/2025;1;3;36;8;297;17;2
671;31/07/2025;1;3;11;2;15;2;2
672;31/07/2025;1;3;12;2;8;2;2
673;31/07/2025;1;3;14;2;18;2;2
674;31/07/2025;1;3;15;2;348;20;2
675;31/07/2025;1;3;15;2;350;20;2
676;31/07/2025;1;3;15;2;358;20;2
677;31/07/2025;1;3;15;2;359;20;2
678;31/07/2025;1;3;34;2;60;49;2
679;31/07/2025;1;3;34;2;49;2;2
680;31/07/2025;1;3;35;2;150;2;2
681;31/07/2025;1;3;16;5;390;7;2
682;31/07/2025;1;3;16;5;390;7;2
683;31/07/2025;1;3;16;5;401;7;2
684;31/07/2025;1;3;17;4;409;6;2
685;31/07/2025;1;3;17;4;420;6;2
686;31/07/2025;1;3;18;7;430;12;2
687;31/07/2025;1;3;18;7;443;12;2
688;31/07/2025;1;3;19;6;458;11;2
689;31/07/2025;1;3;19;6;462;11;2
690;31/07/2025;1;3;21;1;513;495;1
691;31/07/2025;1;3;21;1;495;1;1
692;31/07/2025;1;3;21;1;532;495;1
693;31/07/2025;1;3;21;1;534;495;1
694;31/07/2025;1;3;27;1;501;1;1
695;31/07/2025;1;3;28;1;502;1;1
696;31/07/2025;1;3;29;1;504;1;1
697;31/07/2025;1;3;31;5;630;1;1
698;31/07/2025;1;3;31;5;630;1;1
